{
    "results": {
        "tool": {
            "name": "pytest",
            "version": "8.4.1"
        },
        "summary": {
            "tests": 2,
            "passed": 2,
            "failed": 0,
            "skipped": 0,
            "pending": 0,
            "other": 0,
            "start": 1778068241.4460185,
            "stop": 1778068241.459026
        },
        "tests": [
            {
                "name": "test_final_state.py::test_payload_file_exists",
                "status": "passed",
                "duration": 0.00047255423851311207,
                "start": 1778068241.4573398,
                "stop": 1778068241.4580135,
                "retries": 0,
                "file_path": "test_final_state.py"
            },
            {
                "name": "test_final_state.py::test_payload_structure",
                "status": "passed",
                "duration": 0.00046912883408367634,
                "start": 1778068241.4582548,
                "stop": 1778068241.4588506,
                "retries": 0,
                "file_path": "test_final_state.py"
            }
        ]
    }
}