{
    "results": {
        "tool": {
            "name": "pytest",
            "version": "8.4.1"
        },
        "summary": {
            "tests": 2,
            "passed": 2,
            "failed": 0,
            "skipped": 0,
            "pending": 0,
            "other": 0,
            "start": 1778068401.4717205,
            "stop": 1778068402.9758234
        },
        "tests": [
            {
                "name": "test_final_state.py::test_script_exists",
                "status": "passed",
                "duration": 0.00047945999540388584,
                "start": 1778068401.4816105,
                "stop": 1778068401.4823444,
                "retries": 0,
                "file_path": "test_final_state.py"
            },
            {
                "name": "test_final_state.py::test_script_execution",
                "status": "passed",
                "duration": 1.4928964008577168,
                "start": 1778068401.4825287,
                "stop": 1778068402.9756231,
                "retries": 0,
                "file_path": "test_final_state.py"
            }
        ]
    }
}